name,file,mature,platform,sequence,vol_min,vol_max,dist_min,dist_max,limit_count,limit_type,entity_limit_count,entity_limit_type,bus,volume_min_falloff_curve,volumefalloffcurve,reverb_send,dist_reverb_max,reverb_min_falloff_curve,reverb_falloff_curve,pitch_min,pitch_max,randomize_type,spatialized,type,probability,loop,masterslave,loadspec,subtitle,compression,secondaryaliasname,chainaliasname,startdelay,speakermap,lfe percentage,center percentage,envelop_min,envelop_max,envelop percentage,occlusion_level,occlusion_wet_dry,real_delay,distance_lpf,move_type,move_time,min_priority,max_priority,min_priority_threshold,max_priority_threshold,,isbig
,,,,,,,,,,,,,,,,,,,,,,,,,,,,,,,,,,,,,,,,,,,,,,,,,,,
plr_0_vox_powerup_carp_0,voiceovers\zombie\dlc3\plr0\powerup_carp_00.wav,,,,1,1,75,1700,2,reject,1,reject,voice,,curve2,0.8,2100,,curve2,1,1,,3d,streamed,,,master,,,,,,850,,,,50,500,0.9,0.5,,,,,,10,25,0.25,1,,
plr_0_vox_powerup_carp_1,voiceovers\zombie\dlc3\plr0\powerup_carp_01.wav,,,,1,1,75,1700,2,reject,1,reject,voice,,curve2,0.8,2100,,curve2,1,1,,3d,streamed,,,master,,,,,,850,,,,50,500,0.9,0.5,,,,,,10,25,0.25,1,,
plr_0_vox_powerup_carp_2,voiceovers\zombie\dlc3\plr0\powerup_carp_02.wav,,,,1,1,75,1700,2,reject,1,reject,voice,,curve2,0.8,2100,,curve2,1,1,,3d,streamed,,,master,,,,,,850,,,,50,500,0.9,0.5,,,,,,10,25,0.25,1,,
plr_0_vox_powerup_carp_3,voiceovers\zombie\dlc3\plr0\powerup_carp_03.wav,,,,1,1,75,1700,2,reject,1,reject,voice,,curve2,0.8,2100,,curve2,1,1,,3d,streamed,,,master,,,,,,850,,,,50,500,0.9,0.5,,,,,,10,25,0.25,1,,
plr_0_vox_powerup_carp_4,voiceovers\zombie\dlc3\plr0\powerup_carp_04.wav,,,,1,1,75,1700,2,reject,1,reject,voice,,curve2,0.8,2100,,curve2,1,1,,3d,streamed,,,master,,,,,,850,,,,50,500,0.9,0.5,,,,,,10,25,0.25,1,,
plr_1_vox_powerup_carp_0,voiceovers\zombie\dlc3\plr1\powerup_carp_00.wav,,,,1,1,75,1700,2,reject,1,reject,voice,,curve2,0.8,2100,,curve2,1,1,,3d,streamed,,,master,,,,,,850,,,,50,500,0.9,0.5,,,,,,10,25,0.25,1,,
plr_1_vox_powerup_carp_1,voiceovers\zombie\dlc3\plr1\powerup_carp_01.wav,,,,1,1,75,1700,2,reject,1,reject,voice,,curve2,0.8,2100,,curve2,1,1,,3d,streamed,,,master,,,,,,850,,,,50,500,0.9,0.5,,,,,,10,25,0.25,1,,
plr_1_vox_powerup_carp_2,voiceovers\zombie\dlc3\plr1\powerup_carp_02.wav,,,,1,1,75,1700,2,reject,1,reject,voice,,curve2,0.8,2100,,curve2,1,1,,3d,streamed,,,master,,,,,,850,,,,50,500,0.9,0.5,,,,,,10,25,0.25,1,,
plr_1_vox_powerup_carp_3,voiceovers\zombie\dlc3\plr1\powerup_carp_03.wav,,,,1,1,75,1700,2,reject,1,reject,voice,,curve2,0.8,2100,,curve2,1,1,,3d,streamed,,,master,,,,,,850,,,,50,500,0.9,0.5,,,,,,10,25,0.25,1,,
plr_1_vox_powerup_carp_4,voiceovers\zombie\dlc3\plr1\powerup_carp_04.wav,,,,1,1,75,1700,2,reject,1,reject,voice,,curve2,0.8,2100,,curve2,1,1,,3d,streamed,,,master,,,,,,850,,,,50,500,0.9,0.5,,,,,,10,25,0.25,1,,
plr_2_vox_powerup_carp_0,voiceovers\zombie\dlc3\plr2\powerup_carp_00.wav,,,,1,1,75,1700,2,reject,1,reject,voice,,curve2,0.8,2100,,curve2,1,1,,3d,streamed,,,master,,,,,,850,,,,50,500,0.9,0.5,,,,,,10,25,0.25,1,,
plr_2_vox_powerup_carp_1,voiceovers\zombie\dlc3\plr2\powerup_carp_01.wav,,,,1,1,75,1700,2,reject,1,reject,voice,,curve2,0.8,2100,,curve2,1,1,,3d,streamed,,,master,,,,,,850,,,,50,500,0.9,0.5,,,,,,10,25,0.25,1,,
plr_2_vox_powerup_carp_2,voiceovers\zombie\dlc3\plr2\powerup_carp_02.wav,,,,1,1,75,1700,2,reject,1,reject,voice,,curve2,0.8,2100,,curve2,1,1,,3d,streamed,,,master,,,,,,850,,,,50,500,0.9,0.5,,,,,,10,25,0.25,1,,
plr_2_vox_powerup_carp_3,voiceovers\zombie\dlc3\plr2\powerup_carp_03.wav,,,,1,1,75,1700,2,reject,1,reject,voice,,curve2,0.8,2100,,curve2,1,1,,3d,streamed,,,master,,,,,,850,,,,50,500,0.9,0.5,,,,,,10,25,0.25,1,,
plr_2_vox_powerup_carp_4,voiceovers\zombie\dlc3\plr2\powerup_carp_04.wav,,,,1,1,75,1700,2,reject,1,reject,voice,,curve2,0.8,2100,,curve2,1,1,,3d,streamed,,,master,,,,,,850,,,,50,500,0.9,0.5,,,,,,10,25,0.25,1,,
plr_2_vox_powerup_carp_5,voiceovers\zombie\dlc3\plr2\powerup_carp_05.wav,,,,1,1,75,1700,2,reject,1,reject,voice,,curve2,0.8,2100,,curve2,1,1,,3d,streamed,,,master,,,,,,850,,,,50,500,0.9,0.5,,,,,,10,25,0.25,1,,
plr_2_vox_powerup_carp_6,voiceovers\zombie\dlc3\plr2\powerup_carp_06.wav,,,,1,1,75,1700,2,reject,1,reject,voice,,curve2,0.8,2100,,curve2,1,1,,3d,streamed,,,master,,,,,,850,,,,50,500,0.9,0.5,,,,,,10,25,0.25,1,,
plr_3_vox_powerup_carp_0,voiceovers\zombie\dlc3\plr3\powerup_carp_00.wav,,,,1,1,75,1700,2,reject,1,reject,voice,,curve2,0.8,2100,,curve2,1,1,,3d,streamed,,,master,,,,,,850,,,,50,500,0.9,0.5,,,,,,10,25,0.25,1,,
plr_3_vox_powerup_carp_1,voiceovers\zombie\dlc3\plr3\powerup_carp_01.wav,,,,1,1,75,1700,2,reject,1,reject,voice,,curve2,0.8,2100,,curve2,1,1,,3d,streamed,,,master,,,,,,850,,,,50,500,0.9,0.5,,,,,,10,25,0.25,1,,
plr_3_vox_powerup_carp_2,voiceovers\zombie\dlc3\plr3\powerup_carp_02.wav,,,,1,1,75,1700,2,reject,1,reject,voice,,curve2,0.8,2100,,curve2,1,1,,3d,streamed,,,master,,,,,,850,,,,50,500,0.9,0.5,,,,,,10,25,0.25,1,,
plr_3_vox_powerup_carp_3,voiceovers\zombie\dlc3\plr3\powerup_carp_03.wav,,,,1,1,75,1700,2,reject,1,reject,voice,,curve2,0.8,2100,,curve2,1,1,,3d,streamed,,,master,,,,,,850,,,,50,500,0.9,0.5,,,,,,10,25,0.25,1,,
plr_3_vox_powerup_carp_4,voiceovers\zombie\dlc3\plr3\powerup_carp_04.wav,,,,1,1,75,1700,2,reject,1,reject,voice,,curve2,0.8,2100,,curve2,1,1,,3d,streamed,,,master,,,,,,850,,,,50,500,0.9,0.5,,,,,,10,25,0.25,1,,
plr_0_vox_bowie_0,voiceovers\zombie\dlc3\plr0\weappick_bowie_00.wav,,,,1,1,75,1700,2,reject,1,reject,voice,,curve2,0.8,2100,,curve2,1,1,,3d,streamed,,,master,,,,,,0,,,,50,500,0.9,0.5,,,,,,10,25,0.25,1,,
plr_0_vox_bowie_1,voiceovers\zombie\dlc3\plr0\weappick_bowie_01.wav,,,,1,1,75,1700,2,reject,1,reject,voice,,curve2,0.8,2100,,curve2,1,1,,3d,streamed,,,master,,,,,,0,,,,50,500,0.9,0.5,,,,,,10,25,0.25,1,,
plr_0_vox_bowie_2,voiceovers\zombie\dlc3\plr0\weappick_bowie_02.wav,,,,1,1,75,1700,2,reject,1,reject,voice,,curve2,0.8,2100,,curve2,1,1,,3d,streamed,,,master,,,,,,0,,,,50,500,0.9,0.5,,,,,,10,25,0.25,1,,
plr_0_vox_bowie_3,voiceovers\zombie\dlc3\plr0\weappick_bowie_03.wav,,,,1,1,75,1700,2,reject,1,reject,voice,,curve2,0.8,2100,,curve2,1,1,,3d,streamed,,,master,,,,,,0,,,,50,500,0.9,0.5,,,,,,10,25,0.25,1,,
plr_0_vox_kill_bowie_0,voiceovers\zombie\dlc3\plr0\feedback_kill_bowie_00.wav,,,,1,1,75,1700,2,reject,1,reject,voice,,curve2,0.8,2100,,curve2,1,1,,3d,streamed,,,master,,,,,,0,,,,50,500,0.9,0.5,,,,,,10,25,0.25,1,,
plr_0_vox_kill_bowie_1,voiceovers\zombie\dlc3\plr0\feedback_kill_bowie_01.wav,,,,1,1,75,1700,2,reject,1,reject,voice,,curve2,0.8,2100,,curve2,1,1,,3d,streamed,,,master,,,,,,0,,,,50,500,0.9,0.5,,,,,,10,25,0.25,1,,
plr_0_vox_kill_bowie_2,voiceovers\zombie\dlc3\plr0\feedback_kill_bowie_02.wav,,,,1,1,75,1700,2,reject,1,reject,voice,,curve2,0.8,2100,,curve2,1,1,,3d,streamed,,,master,,,,,,0,,,,50,500,0.9,0.5,,,,,,10,25,0.25,1,,
plr_0_vox_kill_bowie_3,voiceovers\zombie\dlc3\plr0\feedback_kill_bowie_03.wav,,,,1,1,75,1700,2,reject,1,reject,voice,,curve2,0.8,2100,,curve2,1,1,,3d,streamed,,,master,,,,,,0,,,,50,500,0.9,0.5,,,,,,10,25,0.25,1,,
plr_0_vox_kill_bowie_4,voiceovers\zombie\dlc3\plr0\feedback_kill_bowie_04.wav,,,,1,1,75,1700,2,reject,1,reject,voice,,curve2,0.8,2100,,curve2,1,1,,3d,streamed,,,master,,,,,,0,,,,50,500,0.9,0.5,,,,,,10,25,0.25,1,,
plr_1_vox_bowie_0,voiceovers\zombie\dlc3\plr1\weappick_bowie_00.wav,yes,,1,1,1,75,1700,2,reject,1,reject,voice,,curve2,0.8,2100,,curve2,1,1,,3d,streamed,,,master,,,,,,0,,,,50,500,0.9,0.5,,,,,,10,25,0.25,1,,
plr_1_vox_bowie_0,voiceovers\zombie\dlc3\plr1\weappick_bowie_00_safe.wav,no,,2,1,1,75,1700,2,reject,1,reject,voice,,curve2,0.8,2100,,curve2,1,1,,3d,streamed,,,master,,,,,,0,,,,50,500,0.9,0.5,,,,,,10,25,0.25,1,,
plr_1_vox_bowie_1,voiceovers\zombie\dlc3\plr1\weappick_bowie_01.wav,,,,1,1,75,1700,2,reject,1,reject,voice,,curve2,0.8,2100,,curve2,1,1,,3d,streamed,,,master,,,,,,0,,,,50,500,0.9,0.5,,,,,,10,25,0.25,1,,
plr_1_vox_bowie_2,voiceovers\zombie\dlc3\plr1\weappick_bowie_02.wav,,,,1,1,75,1700,2,reject,1,reject,voice,,curve2,0.8,2100,,curve2,1,1,,3d,streamed,,,master,,,,,,0,,,,50,500,0.9,0.5,,,,,,10,25,0.25,1,,
plr_1_vox_bowie_3,voiceovers\zombie\dlc3\plr1\weappick_bowie_03.wav,,,,1,1,75,1700,2,reject,1,reject,voice,,curve2,0.8,2100,,curve2,1,1,,3d,streamed,,,master,,,,,,0,,,,50,500,0.9,0.5,,,,,,10,25,0.25,1,,
plr_1_vox_bowie_4,voiceovers\zombie\dlc3\plr1\weappick_bowie_04.wav,,,,1,1,75,1700,2,reject,1,reject,voice,,curve2,0.8,2100,,curve2,1,1,,3d,streamed,,,master,,,,,,0,,,,50,500,0.9,0.5,,,,,,10,25,0.25,1,,
plr_1_vox_kill_bowie_0,voiceovers\zombie\dlc3\plr1\feedback_kill_bowie_00.wav,,,,1,1,75,1700,2,reject,1,reject,voice,,curve2,0.8,2100,,curve2,1,1,,3d,streamed,,,master,,,,,,0,,,,50,500,0.9,0.5,,,,,,10,25,0.25,1,,
plr_1_vox_kill_bowie_1,voiceovers\zombie\dlc3\plr1\feedback_kill_bowie_01.wav,,,,1,1,75,1700,2,reject,1,reject,voice,,curve2,0.8,2100,,curve2,1,1,,3d,streamed,,,master,,,,,,0,,,,50,500,0.9,0.5,,,,,,10,25,0.25,1,,
plr_1_vox_kill_bowie_2,voiceovers\zombie\dlc3\plr1\feedback_kill_bowie_02.wav,,,,1,1,75,1700,2,reject,1,reject,voice,,curve2,0.8,2100,,curve2,1,1,,3d,streamed,,,master,,,,,,0,,,,50,500,0.9,0.5,,,,,,10,25,0.25,1,,
plr_1_vox_kill_bowie_3,voiceovers\zombie\dlc3\plr1\feedback_kill_bowie_03.wav,yes,,1,1,1,75,1700,2,reject,1,reject,voice,,curve2,0.8,2100,,curve2,1,1,,3d,streamed,,,master,,,,,,0,,,,50,500,0.9,0.5,,,,,,10,25,0.25,1,,
plr_1_vox_kill_bowie_3,voiceovers\zombie\dlc3\plr1\feedback_kill_bowie_03_safe.wav,no,,2,1,1,75,1700,2,reject,1,reject,voice,,curve2,0.8,2100,,curve2,1,1,,3d,streamed,,,master,,,,,,0,,,,50,500,0.9,0.5,,,,,,10,25,0.25,1,,
plr_1_vox_kill_bowie_4,voiceovers\zombie\dlc3\plr1\feedback_kill_bowie_04.wav,,,,1,1,75,1700,2,reject,1,reject,voice,,curve2,0.8,2100,,curve2,1,1,,3d,streamed,,,master,,,,,,0,,,,50,500,0.9,0.5,,,,,,10,25,0.25,1,,
plr_2_vox_bowie_0,voiceovers\zombie\dlc3\plr2\weappick_bowie_00.wav,,,,1,1,75,1700,2,reject,1,reject,voice,,curve2,0.8,2100,,curve2,1,1,,3d,streamed,,,master,,,,,,0,,,,50,500,0.9,0.5,,,,,,10,25,0.25,1,,
plr_2_vox_bowie_1,voiceovers\zombie\dlc3\plr2\weappick_bowie_01.wav,,,,1,1,75,1700,2,reject,1,reject,voice,,curve2,0.8,2100,,curve2,1,1,,3d,streamed,,,master,,,,,,0,,,,50,500,0.9,0.5,,,,,,10,25,0.25,1,,
plr_2_vox_bowie_2,voiceovers\zombie\dlc3\plr2\weappick_bowie_02.wav,,,,1,1,75,1700,2,reject,1,reject,voice,,curve2,0.8,2100,,curve2,1,1,,3d,streamed,,,master,,,,,,0,,,,50,500,0.9,0.5,,,,,,10,25,0.25,1,,
plr_2_vox_bowie_3,voiceovers\zombie\dlc3\plr2\weappick_bowie_03.wav,,,,1,1,75,1700,2,reject,1,reject,voice,,curve2,0.8,2100,,curve2,1,1,,3d,streamed,,,master,,,,,,0,,,,50,500,0.9,0.5,,,,,,10,25,0.25,1,,
plr_2_vox_bowie_4,voiceovers\zombie\dlc3\plr2\weappick_bowie_04.wav,,,,1,1,75,1700,2,reject,1,reject,voice,,curve2,0.8,2100,,curve2,1,1,,3d,streamed,,,master,,,,,,0,,,,50,500,0.9,0.5,,,,,,10,25,0.25,1,,
plr_2_vox_bowie_5,voiceovers\zombie\dlc3\plr2\weappick_bowie_05.wav,,,,1,1,75,1700,2,reject,1,reject,voice,,curve2,0.8,2100,,curve2,1,1,,3d,streamed,,,master,,,,,,0,,,,50,500,0.9,0.5,,,,,,10,25,0.25,1,,
plr_2_vox_kill_bowie_0,voiceovers\zombie\dlc3\plr2\feedback_kill_bowie_00.wav,,,,1,1,75,1700,2,reject,1,reject,voice,,curve2,0.8,2100,,curve2,1,1,,3d,streamed,,,master,,,,,,0,,,,50,500,0.9,0.5,,,,,,10,25,0.25,1,,
plr_2_vox_kill_bowie_1,voiceovers\zombie\dlc3\plr2\feedback_kill_bowie_01.wav,,,,1,1,75,1700,2,reject,1,reject,voice,,curve2,0.8,2100,,curve2,1,1,,3d,streamed,,,master,,,,,,0,,,,50,500,0.9,0.5,,,,,,10,25,0.25,1,,
plr_2_vox_kill_bowie_2,voiceovers\zombie\dlc3\plr2\feedback_kill_bowie_02.wav,,,,1,1,75,1700,2,reject,1,reject,voice,,curve2,0.8,2100,,curve2,1,1,,3d,streamed,,,master,,,,,,0,,,,50,500,0.9,0.5,,,,,,10,25,0.25,1,,
plr_2_vox_kill_bowie_3,voiceovers\zombie\dlc3\plr2\feedback_kill_bowie_03.wav,,,,1,1,75,1700,2,reject,1,reject,voice,,curve2,0.8,2100,,curve2,1,1,,3d,streamed,,,master,,,,,,0,,,,50,500,0.9,0.5,,,,,,10,25,0.25,1,,
plr_2_vox_kill_bowie_4,voiceovers\zombie\dlc3\plr2\feedback_kill_bowie_04.wav,,,,1,1,75,1700,2,reject,1,reject,voice,,curve2,0.8,2100,,curve2,1,1,,3d,streamed,,,master,,,,,,0,,,,50,500,0.9,0.5,,,,,,10,25,0.25,1,,
plr_2_vox_kill_bowie_5,voiceovers\zombie\dlc3\plr2\feedback_kill_bowie_05.wav,,,,1,1,75,1700,2,reject,1,reject,voice,,curve2,0.8,2100,,curve2,1,1,,3d,streamed,,,master,,,,,,0,,,,50,500,0.9,0.5,,,,,,10,25,0.25,1,,
plr_2_vox_kill_bowie_6,voiceovers\zombie\dlc3\plr2\feedback_kill_bowie_06.wav,,,,1,1,75,1700,2,reject,1,reject,voice,,curve2,0.8,2100,,curve2,1,1,,3d,streamed,,,master,,,,,,0,,,,50,500,0.9,0.5,,,,,,10,25,0.25,1,,
plr_2_vox_kill_bowie_7,voiceovers\zombie\dlc3\plr2\feedback_kill_bowie_07.wav,,,,1,1,75,1700,2,reject,1,reject,voice,,curve2,0.8,2100,,curve2,1,1,,3d,streamed,,,master,,,,,,0,,,,50,500,0.9,0.5,,,,,,10,25,0.25,1,,
plr_3_vox_bowie_0,voiceovers\zombie\dlc3\plr3\weappick_bowie_00.wav,,,,1,1,75,1700,2,reject,1,reject,voice,,curve2,0.8,2100,,curve2,1,1,,3d,streamed,,,master,,,,,,0,,,,50,500,0.9,0.5,,,,,,10,25,0.25,1,,
plr_3_vox_bowie_1,voiceovers\zombie\dlc3\plr3\weappick_bowie_01.wav,,,,1,1,75,1700,2,reject,1,reject,voice,,curve2,0.8,2100,,curve2,1,1,,3d,streamed,,,master,,,,,,0,,,,50,500,0.9,0.5,,,,,,10,25,0.25,1,,
plr_3_vox_bowie_2,voiceovers\zombie\dlc3\plr3\weappick_bowie_02.wav,,,,1,1,75,1700,2,reject,1,reject,voice,,curve2,0.8,2100,,curve2,1,1,,3d,streamed,,,master,,,,,,0,,,,50,500,0.9,0.5,,,,,,10,25,0.25,1,,
plr_3_vox_bowie_3,voiceovers\zombie\dlc3\plr3\weappick_bowie_03.wav,,,,1,1,75,1700,2,reject,1,reject,voice,,curve2,0.8,2100,,curve2,1,1,,3d,streamed,,,master,,,,,,0,,,,50,500,0.9,0.5,,,,,,10,25,0.25,1,,
plr_3_vox_bowie_4,voiceovers\zombie\dlc3\plr3\weappick_bowie_02.wav,,,,1,1,75,1700,2,reject,1,reject,voice,,curve2,0.8,2100,,curve2,1,1,,3d,streamed,,,master,,,,,,0,,,,50,500,0.9,0.5,,,,,,10,25,0.25,1,,
plr_3_vox_kill_bowie_0,voiceovers\zombie\dlc3\plr3\feedback_kill_bowie_00.wav,,,,1,1,75,1700,2,reject,1,reject,voice,,curve2,0.8,2100,,curve2,1,1,,3d,streamed,,,master,,,,,,0,,,,50,500,0.9,0.5,,,,,,10,25,0.25,1,,
plr_3_vox_kill_bowie_1,voiceovers\zombie\dlc3\plr3\feedback_kill_bowie_01.wav,,,,1,1,75,1700,2,reject,1,reject,voice,,curve2,0.8,2100,,curve2,1,1,,3d,streamed,,,master,,,,,,0,,,,50,500,0.9,0.5,,,,,,10,25,0.25,1,,
plr_3_vox_kill_bowie_2,voiceovers\zombie\dlc3\plr3\feedback_kill_bowie_02.wav,,,,1,1,75,1700,2,reject,1,reject,voice,,curve2,0.8,2100,,curve2,1,1,,3d,streamed,,,master,,,,,,0,,,,50,500,0.9,0.5,,,,,,10,25,0.25,1,,
plr_3_vox_kill_bowie_3,voiceovers\zombie\dlc3\plr3\feedback_kill_bowie_03.wav,,,,1,1,75,1700,2,reject,1,reject,voice,,curve2,0.8,2100,,curve2,1,1,,3d,streamed,,,master,,,,,,0,,,,50,500,0.9,0.5,,,,,,10,25,0.25,1,,
plr_0_vox_gen_pain_0,voiceovers\zombie\dlc3\plr0\gen_pain_00.wav,,,,1,1,75,1700,2,reject,1,reject,voice,,curve2,0.8,2100,,curve2,1,1,,3d,streamed,,,master,,,,,,0,,,,50,500,0.9,0.5,,,,,,10,25,0.25,1,,
plr_0_vox_gen_pain_1,voiceovers\zombie\dlc3\plr0\gen_pain_01.wav,,,,1,1,75,1700,2,reject,1,reject,voice,,curve2,0.8,2100,,curve2,1,1,,3d,streamed,,,master,,,,,,0,,,,50,500,0.9,0.5,,,,,,10,25,0.25,1,,
plr_0_vox_gen_pain_2,voiceovers\zombie\dlc3\plr0\gen_pain_02.wav,,,,1,1,75,1700,2,reject,1,reject,voice,,curve2,0.8,2100,,curve2,1,1,,3d,streamed,,,master,,,,,,0,,,,50,500,0.9,0.5,,,,,,10,25,0.25,1,,
plr_0_vox_gen_pain_3,voiceovers\zombie\dlc3\plr0\gen_pain_03.wav,,,,1,1,75,1700,2,reject,1,reject,voice,,curve2,0.8,2100,,curve2,1,1,,3d,streamed,,,master,,,,,,0,,,,50,500,0.9,0.5,,,,,,10,25,0.25,1,,
plr_0_vox_gen_pain_4,voiceovers\zombie\dlc3\plr0\gen_pain_04.wav,,,,1,1,75,1700,2,reject,1,reject,voice,,curve2,0.8,2100,,curve2,1,1,,3d,streamed,,,master,,,,,,0,,,,50,500,0.9,0.5,,,,,,10,25,0.25,1,,
plr_0_vox_gen_pain_5,voiceovers\zombie\dlc3\plr0\gen_pain_05.wav,,,,1,1,75,1700,2,reject,1,reject,voice,,curve2,0.8,2100,,curve2,1,1,,3d,streamed,,,master,,,,,,0,,,,50,500,0.9,0.5,,,,,,10,25,0.25,1,,
plr_1_vox_gen_pain_0,voiceovers\zombie\dlc3\plr1\gen_pain_00.wav,,,,1,1,75,1700,2,reject,1,reject,voice,,curve2,0.8,2100,,curve2,1,1,,3d,streamed,,,master,,,,,,0,,,,50,500,0.9,0.5,,,,,,10,25,0.25,1,,
plr_1_vox_gen_pain_1,voiceovers\zombie\dlc3\plr1\gen_pain_01.wav,,,,1,1,75,1700,2,reject,1,reject,voice,,curve2,0.8,2100,,curve2,1,1,,3d,streamed,,,master,,,,,,0,,,,50,500,0.9,0.5,,,,,,10,25,0.25,1,,
plr_1_vox_gen_pain_2,voiceovers\zombie\dlc3\plr1\gen_pain_02.wav,,,,1,1,75,1700,2,reject,1,reject,voice,,curve2,0.8,2100,,curve2,1,1,,3d,streamed,,,master,,,,,,0,,,,50,500,0.9,0.5,,,,,,10,25,0.25,1,,
plr_1_vox_gen_pain_3,voiceovers\zombie\dlc3\plr1\gen_pain_03.wav,,,,1,1,75,1700,2,reject,1,reject,voice,,curve2,0.8,2100,,curve2,1,1,,3d,streamed,,,master,,,,,,0,,,,50,500,0.9,0.5,,,,,,10,25,0.25,1,,
plr_1_vox_gen_pain_4,voiceovers\zombie\dlc3\plr1\gen_pain_04.wav,,,,1,1,75,1700,2,reject,1,reject,voice,,curve2,0.8,2100,,curve2,1,1,,3d,streamed,,,master,,,,,,0,,,,50,500,0.9,0.5,,,,,,10,25,0.25,1,,
plr_1_vox_gen_pain_5,voiceovers\zombie\dlc3\plr1\gen_pain_05.wav,,,,1,1,75,1700,2,reject,1,reject,voice,,curve2,0.8,2100,,curve2,1,1,,3d,streamed,,,master,,,,,,0,,,,50,500,0.9,0.5,,,,,,10,25,0.25,1,,
plr_1_vox_gen_pain_6,voiceovers\zombie\dlc3\plr1\gen_pain_06.wav,,,,1,1,75,1700,2,reject,1,reject,voice,,curve2,0.8,2100,,curve2,1,1,,3d,streamed,,,master,,,,,,0,,,,50,500,0.9,0.5,,,,,,10,25,0.25,1,,
plr_1_vox_gen_pain_7,voiceovers\zombie\dlc3\plr1\gen_pain_07.wav,,,,1,1,75,1700,2,reject,1,reject,voice,,curve2,0.8,2100,,curve2,1,1,,3d,streamed,,,master,,,,,,0,,,,50,500,0.9,0.5,,,,,,10,25,0.25,1,,
plr_2_vox_gen_pain_0,voiceovers\zombie\dlc3\plr2\gen_pain_00.wav,,,,1,1,75,1700,2,reject,1,reject,voice,,curve2,0.8,2100,,curve2,1,1,,3d,streamed,,,master,,,,,,0,,,,50,500,0.9,0.5,,,,,,10,25,0.25,1,,
plr_2_vox_gen_pain_1,voiceovers\zombie\dlc3\plr2\gen_pain_01.wav,,,,1,1,75,1700,2,reject,1,reject,voice,,curve2,0.8,2100,,curve2,1,1,,3d,streamed,,,master,,,,,,0,,,,50,500,0.9,0.5,,,,,,10,25,0.25,1,,
plr_2_vox_gen_pain_2,voiceovers\zombie\dlc3\plr2\gen_pain_02.wav,,,,1,1,75,1700,2,reject,1,reject,voice,,curve2,0.8,2100,,curve2,1,1,,3d,streamed,,,master,,,,,,0,,,,50,500,0.9,0.5,,,,,,10,25,0.25,1,,
plr_2_vox_gen_pain_3,voiceovers\zombie\dlc3\plr2\gen_pain_03.wav,,,,1,1,75,1700,2,reject,1,reject,voice,,curve2,0.8,2100,,curve2,1,1,,3d,streamed,,,master,,,,,,0,,,,50,500,0.9,0.5,,,,,,10,25,0.25,1,,
plr_2_vox_gen_pain_4,voiceovers\zombie\dlc3\plr2\gen_pain_04.wav,,,,1,1,75,1700,2,reject,1,reject,voice,,curve2,0.8,2100,,curve2,1,1,,3d,streamed,,,master,,,,,,0,,,,50,500,0.9,0.5,,,,,,10,25,0.25,1,,
plr_2_vox_gen_pain_5,voiceovers\zombie\dlc3\plr2\gen_pain_05.wav,,,,1,1,75,1700,2,reject,1,reject,voice,,curve2,0.8,2100,,curve2,1,1,,3d,streamed,,,master,,,,,,0,,,,50,500,0.9,0.5,,,,,,10,25,0.25,1,,
plr_2_vox_gen_pain_6,voiceovers\zombie\dlc3\plr2\gen_pain_06.wav,,,,1,1,75,1700,2,reject,1,reject,voice,,curve2,0.8,2100,,curve2,1,1,,3d,streamed,,,master,,,,,,0,,,,50,500,0.9,0.5,,,,,,10,25,0.25,1,,
plr_2_vox_gen_pain_7,voiceovers\zombie\dlc3\plr2\gen_pain_07.wav,,,,1,1,75,1700,2,reject,1,reject,voice,,curve2,0.8,2100,,curve2,1,1,,3d,streamed,,,master,,,,,,0,,,,50,500,0.9,0.5,,,,,,10,25,0.25,1,,
plr_3_vox_gen_pain_0,voiceovers\zombie\dlc3\plr3\gen_pain_00.wav,,,,1,1,75,1700,2,reject,1,reject,voice,,curve2,0.8,2100,,curve2,1,1,,3d,streamed,,,master,,,,,,0,,,,50,500,0.9,0.5,,,,,,10,25,0.25,1,,
plr_3_vox_gen_pain_1,voiceovers\zombie\dlc3\plr3\gen_pain_01.wav,,,,1,1,75,1700,2,reject,1,reject,voice,,curve2,0.8,2100,,curve2,1,1,,3d,streamed,,,master,,,,,,0,,,,50,500,0.9,0.5,,,,,,10,25,0.25,1,,
plr_3_vox_gen_pain_2,voiceovers\zombie\dlc3\plr3\gen_pain_02.wav,,,,1,1,75,1700,2,reject,1,reject,voice,,curve2,0.8,2100,,curve2,1,1,,3d,streamed,,,master,,,,,,0,,,,50,500,0.9,0.5,,,,,,10,25,0.25,1,,
plr_3_vox_gen_pain_3,voiceovers\zombie\dlc3\plr3\gen_pain_03.wav,,,,1,1,75,1700,2,reject,1,reject,voice,,curve2,0.8,2100,,curve2,1,1,,3d,streamed,,,master,,,,,,0,,,,50,500,0.9,0.5,,,,,,10,25,0.25,1,,
plr_3_vox_gen_pain_4,voiceovers\zombie\dlc3\plr3\gen_pain_04.wav,,,,1,1,75,1700,2,reject,1,reject,voice,,curve2,0.8,2100,,curve2,1,1,,3d,streamed,,,master,,,,,,0,,,,50,500,0.9,0.5,,,,,,10,25,0.25,1,,
plr_3_vox_gen_pain_5,voiceovers\zombie\dlc3\plr3\gen_pain_05.wav,,,,1,1,75,1700,2,reject,1,reject,voice,,curve2,0.8,2100,,curve2,1,1,,3d,streamed,,,master,,,,,,0,,,,50,500,0.9,0.5,,,,,,10,25,0.25,1,,
plr_3_vox_gen_pain_6,voiceovers\zombie\dlc3\plr3\gen_pain_06.wav,,,,1,1,75,1700,2,reject,1,reject,voice,,curve2,0.8,2100,,curve2,1,1,,3d,streamed,,,master,,,,,,0,,,,50,500,0.9,0.5,,,,,,10,25,0.25,1,,
plr_3_vox_gen_pain_7,voiceovers\zombie\dlc3\plr3\gen_pain_07.wav,,,,1,1,75,1700,2,reject,1,reject,voice,,curve2,0.8,2100,,curve2,1,1,,3d,streamed,,,master,,,,,,0,,,,50,500,0.9,0.5,,,,,,10,25,0.25,1,,
,,,,,,,,,,,,,,,,,,,,,,,,,,,,,,,,,,,,,,,,,,,,,,,,,,,
plr_0_vox_gen_exert_0,voiceovers\zombie\dlc3\plr0\gen_exert_00.wav,,,,1,1,75,1700,2,reject,1,reject,voice,,curve2,0.8,2100,,curve2,1,1,,3d,streamed,,,master,,,,,,0,,,,50,500,0.9,0.5,,,,,,10,25,0.25,1,,
plr_0_vox_gen_exert_1,voiceovers\zombie\dlc3\plr0\gen_exert_01.wav,,,,1,1,75,1700,2,reject,1,reject,voice,,curve2,0.8,2100,,curve2,1,1,,3d,streamed,,,master,,,,,,0,,,,50,500,0.9,0.5,,,,,,10,25,0.25,1,,
plr_0_vox_gen_exert_2,voiceovers\zombie\dlc3\plr0\gen_exert_02.wav,,,,1,1,75,1700,2,reject,1,reject,voice,,curve2,0.8,2100,,curve2,1,1,,3d,streamed,,,master,,,,,,0,,,,50,500,0.9,0.5,,,,,,10,25,0.25,1,,
plr_0_vox_gen_exert_3,voiceovers\zombie\dlc3\plr0\gen_exert_03.wav,,,,1,1,75,1700,2,reject,1,reject,voice,,curve2,0.8,2100,,curve2,1,1,,3d,streamed,,,master,,,,,,0,,,,50,500,0.9,0.5,,,,,,10,25,0.25,1,,
plr_0_vox_gen_exert_4,voiceovers\zombie\dlc3\plr0\gen_exert_04.wav,,,,1,1,75,1700,2,reject,1,reject,voice,,curve2,0.8,2100,,curve2,1,1,,3d,streamed,,,master,,,,,,0,,,,50,500,0.9,0.5,,,,,,10,25,0.25,1,,
plr_0_vox_gen_exert_5,voiceovers\zombie\dlc3\plr0\gen_exert_05.wav,,,,1,1,75,1700,2,reject,1,reject,voice,,curve2,0.8,2100,,curve2,1,1,,3d,streamed,,,master,,,,,,0,,,,50,500,0.9,0.5,,,,,,10,25,0.25,1,,
plr_0_vox_gen_exert_6,voiceovers\zombie\dlc3\plr0\gen_exert_06.wav,,,,1,1,75,1700,2,reject,1,reject,voice,,curve2,0.8,2100,,curve2,1,1,,3d,streamed,,,master,,,,,,0,,,,50,500,0.9,0.5,,,,,,10,25,0.25,1,,
plr_0_vox_gen_exert_7,voiceovers\zombie\dlc3\plr0\gen_exert_07.wav,,,,1,1,75,1700,2,reject,1,reject,voice,,curve2,0.8,2100,,curve2,1,1,,3d,streamed,,,master,,,,,,0,,,,50,500,0.9,0.5,,,,,,10,25,0.25,1,,
plr_1_vox_gen_exert_0,voiceovers\zombie\dlc3\plr1\gen_exert_00.wav,,,,1,1,75,1700,2,reject,1,reject,voice,,curve2,0.8,2100,,curve2,1,1,,3d,streamed,,,master,,,,,,0,,,,50,500,0.9,0.5,,,,,,10,25,0.25,1,,
plr_1_vox_gen_exert_1,voiceovers\zombie\dlc3\plr1\gen_exert_01.wav,,,,1,1,75,1700,2,reject,1,reject,voice,,curve2,0.8,2100,,curve2,1,1,,3d,streamed,,,master,,,,,,0,,,,50,500,0.9,0.5,,,,,,10,25,0.25,1,,
plr_1_vox_gen_exert_2,voiceovers\zombie\dlc3\plr1\gen_exert_02.wav,,,,1,1,75,1700,2,reject,1,reject,voice,,curve2,0.8,2100,,curve2,1,1,,3d,streamed,,,master,,,,,,0,,,,50,500,0.9,0.5,,,,,,10,25,0.25,1,,
plr_1_vox_gen_exert_3,voiceovers\zombie\dlc3\plr1\gen_exert_03.wav,,,,1,1,75,1700,2,reject,1,reject,voice,,curve2,0.8,2100,,curve2,1,1,,3d,streamed,,,master,,,,,,0,,,,50,500,0.9,0.5,,,,,,10,25,0.25,1,,
plr_1_vox_gen_exert_4,voiceovers\zombie\dlc3\plr1\gen_exert_04.wav,,,,1,1,75,1700,2,reject,1,reject,voice,,curve2,0.8,2100,,curve2,1,1,,3d,streamed,,,master,,,,,,0,,,,50,500,0.9,0.5,,,,,,10,25,0.25,1,,
plr_1_vox_gen_exert_5,voiceovers\zombie\dlc3\plr1\gen_exert_05.wav,,,,1,1,75,1700,2,reject,1,reject,voice,,curve2,0.8,2100,,curve2,1,1,,3d,streamed,,,master,,,,,,0,,,,50,500,0.9,0.5,,,,,,10,25,0.25,1,,
plr_1_vox_gen_exert_6,voiceovers\zombie\dlc3\plr1\gen_exert_06.wav,,,,1,1,75,1700,2,reject,1,reject,voice,,curve2,0.8,2100,,curve2,1,1,,3d,streamed,,,master,,,,,,0,,,,50,500,0.9,0.5,,,,,,10,25,0.25,1,,
plr_1_vox_gen_exert_7,voiceovers\zombie\dlc3\plr1\gen_exert_07.wav,,,,1,1,75,1700,2,reject,1,reject,voice,,curve2,0.8,2100,,curve2,1,1,,3d,streamed,,,master,,,,,,0,,,,50,500,0.9,0.5,,,,,,10,25,0.25,1,,
plr_2_vox_gen_exert_0,voiceovers\zombie\dlc3\plr2\gen_exert_00.wav,,,,1,1,75,1700,2,reject,1,reject,voice,,curve2,0.8,2100,,curve2,1,1,,3d,streamed,,,master,,,,,,0,,,,50,500,0.9,0.5,,,,,,10,25,0.25,1,,
plr_2_vox_gen_exert_1,voiceovers\zombie\dlc3\plr2\gen_exert_01.wav,,,,1,1,75,1700,2,reject,1,reject,voice,,curve2,0.8,2100,,curve2,1,1,,3d,streamed,,,master,,,,,,0,,,,50,500,0.9,0.5,,,,,,10,25,0.25,1,,
plr_2_vox_gen_exert_2,voiceovers\zombie\dlc3\plr2\gen_exert_02.wav,,,,1,1,75,1700,2,reject,1,reject,voice,,curve2,0.8,2100,,curve2,1,1,,3d,streamed,,,master,,,,,,0,,,,50,500,0.9,0.5,,,,,,10,25,0.25,1,,
plr_2_vox_gen_exert_3,voiceovers\zombie\dlc3\plr2\gen_exert_03.wav,,,,1,1,75,1700,2,reject,1,reject,voice,,curve2,0.8,2100,,curve2,1,1,,3d,streamed,,,master,,,,,,0,,,,50,500,0.9,0.5,,,,,,10,25,0.25,1,,
plr_2_vox_gen_exert_4,voiceovers\zombie\dlc3\plr2\gen_exert_04.wav,,,,1,1,75,1700,2,reject,1,reject,voice,,curve2,0.8,2100,,curve2,1,1,,3d,streamed,,,master,,,,,,0,,,,50,500,0.9,0.5,,,,,,10,25,0.25,1,,
plr_2_vox_gen_exert_5,voiceovers\zombie\dlc3\plr2\gen_exert_05.wav,,,,1,1,75,1700,2,reject,1,reject,voice,,curve2,0.8,2100,,curve2,1,1,,3d,streamed,,,master,,,,,,0,,,,50,500,0.9,0.5,,,,,,10,25,0.25,1,,
plr_2_vox_gen_exert_6,voiceovers\zombie\dlc3\plr2\gen_exert_06.wav,,,,1,1,75,1700,2,reject,1,reject,voice,,curve2,0.8,2100,,curve2,1,1,,3d,streamed,,,master,,,,,,0,,,,50,500,0.9,0.5,,,,,,10,25,0.25,1,,
plr_2_vox_gen_exert_7,voiceovers\zombie\dlc3\plr2\gen_exert_07.wav,,,,1,1,75,1700,2,reject,1,reject,voice,,curve2,0.8,2100,,curve2,1,1,,3d,streamed,,,master,,,,,,0,,,,50,500,0.9,0.5,,,,,,10,25,0.25,1,,
plr_3_vox_gen_exert_0,voiceovers\zombie\dlc3\plr3\gen_exert_00.wav,,,,1,1,75,1700,2,reject,1,reject,voice,,curve2,0.8,2100,,curve2,1,1,,3d,streamed,,,master,,,,,,0,,,,50,500,0.9,0.5,,,,,,10,25,0.25,1,,
plr_3_vox_gen_exert_1,voiceovers\zombie\dlc3\plr3\gen_exert_01.wav,,,,1,1,75,1700,2,reject,1,reject,voice,,curve2,0.8,2100,,curve2,1,1,,3d,streamed,,,master,,,,,,0,,,,50,500,0.9,0.5,,,,,,10,25,0.25,1,,
plr_3_vox_gen_exert_2,voiceovers\zombie\dlc3\plr3\gen_exert_02.wav,,,,1,1,75,1700,2,reject,1,reject,voice,,curve2,0.8,2100,,curve2,1,1,,3d,streamed,,,master,,,,,,0,,,,50,500,0.9,0.5,,,,,,10,25,0.25,1,,
plr_3_vox_gen_exert_3,voiceovers\zombie\dlc3\plr3\gen_exert_03.wav,,,,1,1,75,1700,2,reject,1,reject,voice,,curve2,0.8,2100,,curve2,1,1,,3d,streamed,,,master,,,,,,0,,,,50,500,0.9,0.5,,,,,,10,25,0.25,1,,
plr_3_vox_gen_exert_4,voiceovers\zombie\dlc3\plr3\gen_exert_04.wav,,,,1,1,75,1700,2,reject,1,reject,voice,,curve2,0.8,2100,,curve2,1,1,,3d,streamed,,,master,,,,,,0,,,,50,500,0.9,0.5,,,,,,10,25,0.25,1,,
plr_3_vox_gen_exert_5,voiceovers\zombie\dlc3\plr3\gen_exert_05.wav,,,,1,1,75,1700,2,reject,1,reject,voice,,curve2,0.8,2100,,curve2,1,1,,3d,streamed,,,master,,,,,,0,,,,50,500,0.9,0.5,,,,,,10,25,0.25,1,,
plr_3_vox_gen_exert_6,voiceovers\zombie\dlc3\plr3\gen_exert_06.wav,,,,1,1,75,1700,2,reject,1,reject,voice,,curve2,0.8,2100,,curve2,1,1,,3d,streamed,,,master,,,,,,0,,,,50,500,0.9,0.5,,,,,,10,25,0.25,1,,
plr_3_vox_gen_exert_7,voiceovers\zombie\dlc3\plr3\gen_exert_07.wav,,,,1,1,75,1700,2,reject,1,reject,voice,,curve2,0.8,2100,,curve2,1,1,,3d,streamed,,,master,,,,,,0,,,,50,500,0.9,0.5,,,,,,10,25,0.25,1,,
